INSERT INTO GENRES
(genre_libelle)
VALUES
('Commedie'),('Horreur'),('Fantastique'),('Science fiction'),('Survie'),
('Post appocalyptique'),('Rommance'),('Monstre'),('Action'),('Aventure'),('Catastrophe');

INSERT INTO REALISATEURS
(realisateur_nom,realisateur_prenom)
VALUES
('McTernan','John'),('Stallone','Silvestre'),('Besson','Luc'),('Spielberg','Steven'),('Bay','Micheal'),
('Tarantino','Quentin'),('Kubrick','Stanley'),('Nolan','Christopher'),('Cameron','James'),('Burton','Tim'),
('Wright','Edgar'),('Lucas','George'),('Stahelski','Chad'),('Trevorrow','Colin'),('Emmerich','Roland'),('Sonnenfeld','Barry'),('Donaldson','Roger'),
('Harlin','Renny'),('Wiseman','Len'),('Moore','John');

INSERT INTO FILMS
(film_titre,film_duree,genre_id,realisateur_id)
VALUES
('Taken','02:00:00',9,3),('Taken 2','01:50:00',9,3),('Taken 3','02:15:00',9,3),
('Jurassic Park','01:30:00',8,4),('Jurassic Park 2','01:45:00',8,4),('Jurassic Park 3','02:05:00',8,4),
('Jurassic World','02:15:00',8,14),('Jurassic World 2','01:55:00',8,14),('Jurassic World 3','02:00:00',8,14),
('Independance Day','02:05:00',4,15),
('Men in black','01:40:00',4,16),('Men in black 2','01:30:00',4,16),
('Interstellar','02:50:00',4,8),
('Pic de Dante','01:50:00',11,17),
('Shaun of the dead','01:55:00',1,11),('Hot fuzz','01:55:00',1,11),('Le dernier pub avant la fin du monde','01:55:00',1,11),
('Kill Bill','01:25:00',9,6),('Kill Bill 2','01:40:00',9,6),
('Terminator','01:45:00',4,9),('Terminator 2','01:45:00',4,9),
('Armageddon','02:30:00',11,5),
('John Wick','01:50:00',9,13),('John Wick 2','01:50:00',9,13),('John Wick 3','01:50:00',9,13),('John Wick 4','01:50:00',9,13),
('Die hard','01:50:00',5,1),('Die hard 2','01:50:00',5,18),('Die hard 3','01:50:00',5,1),('Die hard 4','01:50:00',5,19),('Die hard 5','01:50:00',5,20),
('Rambo','01:50:00',9,2),('Rambo 2','01:50:00',9,2),('Rambo 3','01:50:00',9,2),
('Shining','01:30:00',2,7),
('Beetlejuice','01:25:00',1,10),
('Indiana Jones', '01:40:00',10,12);

INSERT INTO ACTEURS
(acteur_nom,acteur_prenom)
VALUES
('Neeson','Liam'),('Stallon','Silvestre'),('Willis','Bruce'),('Reeves','Keanu'),('McShane','Ian'),('Affleck','Ben'),
('Tyler','Liv'),('Grace','Maggie'),('Schwarzenegger','Arnold'),('Hamilton','Linda'),('Thurman','Uma'),('Carradine','David'),
('Pegg','Simon'),('Frost','Nick'),('Brosnan','Pierce'),('McConaughey','Matthew'),('Chastain','Jessica'),('Neil','Sam'),
('Goldblum','Jeff'),('Dern','Laura'),('Pratt','Chris'),('Dallas Howard','Bryce'),('Smith','Will'),('Lee Jones','Tommy'),('Keaton','Michael'),
('Lee Jackson','Samuel'),('Dedelia','Bonnie'),('Long','Justin'),('Winstead','Mary Elizabeth'),('Courtney','Jai'),
('Nicholson','Jack'),('Duvall','Shelley'),('Lloyd','Danny'),('Ford','Harrison');

INSERT INTO PERSONNAGES
(film_id,acteur_id,personnage_nom,personnage_prenom)
VALUES
(1,1,'Mills','Bryan'),(2,1,'Mills','Bryan'),(3,1,'Mills','Bryan'),(1,8,'Mills','Kim'),(2,8,'Mills','Kim'),(3,8,'Mills','Kim'),
(4,18,'Grant','Allan'),(4,19,'Malcolm','Ian'),(4,20,'Sattler','Ellie'),(5,19,'Malcolm','Ian'),(6,18,'Grant','Allan'),(6,20,'Sattler','Ellie'),
(7,21,'Grady','Owen'),(7,22,'Dearing','Claire'),(8,21,'Grady','Owen'),(8,22,'Dearing','Claire'),(9,18,'Grant','Allan'),(9,19,'Malcolm','Ian'),(9,20,'Sattler','Ellie'),(9,21,'Grady','Owen'),(9,22,'Dearing','Claire'),
(10,23,'Hiller','Steven'),(10,19,'Levinson','David'),
(11,23,'Agent','J'),(11,24,'Agent','K'),(12,23,'Agent','J'),(12,24,'Agent','K'),
(13,16,'Cooper','Joseph'),(13,17,'Cooper','Murphy'),
(14,15,'alton','Harry'),(14,10,'Wando','Rachel'),
(15,13,'Shaun',null),(15,14,'Ed',null),(16,13,'Angel','Nicholas'),(16,14,'Butterman','Danny'),(17,13,'King','Gary'),(17,14,'Knightley','Andy'),
(18,11,'Kiddo','Beatrix'),(18,12,'Bill',null),(19,11,'Kiddo','Beatrix'),(19,12,'Bill',null),
(20,10,'Ann Connor','Sarah'),(20,9,'T-800',null),(21,10,'Ann Connor','Sarah'),(21,9,'T-800',null),
(22,3,'Stamper','Harry'),(22,6,'Frost','A.J'),(22,7,'Stamper','Grace'),
(23,4,'Wick','John'),(23,5,'Winston',null),(24,4,'Wick','John'),(24,5,'Winston',null),(25,4,'Wick','John'),(25,5,'Winston',null),(26,4,'Wick','John'),(26,5,'Winston',null),
(27,3,'McClane','John'),(27,27,'Genero McClane','Holly'),(28,3,'McClane','John'),(28,27,'Genero McClane','Holly'),(29,3,'McClane','John'),(29,26,'Carver','Zeus'),(30,3,'McClane','John'),(30,28,'Farrell','Matthew'),(30,29,'Genero McClane','Lucy'),(31,3,'McClane','John'),(31,30,'McClane','Jack'),
(32,2,'Rambo','John'),(33,2,'Rambo','John'),(34,2,'Rambo','John'),
(35,31,'Torrance','Jack'),(35,32,'Torrance','Wiinifred'),(35,33,'Torrance','Danny'),
(36,25,'Beetlejuice',null),
(37,32,'Jones','Henry Walton');

INSERT INTO ETATS
(etat_libelle)
VALUES
('Neuf'),
('Tres bon etat'),
('Bon etat'),
('Abimé'),
('Mauvaise etat'),
('Salle'),
('Cassé'),
('Foutu');

INSERT INTO ADRESSES
(adresse_num,adresse_voie,adresse_cp,adresse_ville)
VALUES
(1,'rue du magasin','57000','METZ'),
(2,'rue du magasin','68000','MULHOUSE'),
(3,'rue du magasin','67000','STRASBOURG'),
(4,'rue du magasin','54000','NANCY'),
(5,'rue du magasin','55000','BAR-LE-DUC'),
(6,'rue du magasin','88000','EPINAL'),
(7,'rue du magasin','10000','TROYES'),
(8,'rue du magasin','59000','LILLE'),
(9,'rue du magasin','63000','CLERMONT-FERRAND'),
(10,'rue du magasin','02000','LAON'),
(10,'rue du client','57100','THIONVILLE'),
(20,'rue du client','68000','COLMAR'),
(30,'rue du client','67100','SAVERNE'),
(40,'rue du client','54100','BRIEY'),
(50,'rue du client','55000','VERDUN'),
(60,'rue du client','88000','REMIREMONT'),
(70,'rue du client','10100','VILLECHETIF'),
(80,'rue du client','59100','LIBERCOURT'),
(90,'rue du client','63100','ISSOIRE'),
(100,'rue du client','02100','FOLEMBRAY');

INSERT INTO MAGASINS
(adresse_id)
VALUES
(1),
(2),
(3),
(4),
(5),
(6),
(7),
(8),
(9),
(10);

INSERT INTO CLIENTS
(client_nom,client_prenom,client_caution,adresse_id)
VALUES
('Martin','Jack',50,11),
('Tapis','Mireille',55,12),
('Anderson','Thomas',60,13),
('Petit','Jean',40,14),
('Dubois','Michael',25,15),
('Richard','Eric',65,16),
('Dupont','Kevin',36,17),
('Faure','Julie',88,18),
('Garnier','Micheline',44,19),
('Lefevre','Elodie',76,20);

INSERT INTO CASSETTES
(cassette_date_mise_en_service,film_id,etat_id)
VALUES
('2020-01-01',1,1),('2020-01-01',1,2),('2020-01-01',1,3),
('2020-01-01',2,1),('2020-01-01',2,2),('2020-01-01',2,2),
('2020-01-01',3,1),('2020-01-01',3,2),('2020-01-01',3,2),
('2020-01-01',4,1),('2020-01-01',4,2),('2020-01-01',4,5),
('2020-01-01',5,1),('2020-01-01',5,2),('2020-01-01',5,2),
('2020-01-01',6,1),('2020-01-01',6,2),('2020-01-01',6,1),
('2020-01-01',7,1),('2020-01-01',7,2),('2020-01-01',7,1),
('2020-01-01',8,1),('2020-01-01',8,2),('2020-01-01',8,1),
('2020-01-01',9,1),('2020-01-01',9,2),('2020-01-01',9,4),
('2020-01-01',10,1),('2020-01-01',10,2),('2020-01-01',10,2),
('2020-01-01',11,1),('2020-01-01',11,2),('2020-01-01',11,1),
('2020-01-01',12,1),('2020-01-01',12,2),('2020-01-01',12,3),
('2020-01-01',13,1),('2020-01-01',13,2),('2020-01-01',13,2),
('2020-01-01',14,1),('2020-01-01',14,2),('2020-01-01',14,2),
('2020-01-01',15,1),('2020-01-01',15,1),('2020-01-01',15,5),
('2020-01-01',16,5),('2020-01-01',16,1),('2020-01-01',16,2),
('2020-01-01',17,1),('2020-01-01',17,3),('2020-01-01',17,1),
('2020-01-01',18,2),('2020-01-01',18,4),('2020-01-01',18,1),
('2020-01-01',19,1),('2020-01-01',19,2),('2020-01-01',19,1),
('2020-01-01',20,1),('2020-01-01',20,2),('2020-01-01',20,4),
('2020-01-01',21,1),('2020-01-01',21,2),('2020-01-01',21,2),
('2020-01-01',22,7),('2020-01-01',22,1),('2020-01-01',22,1),
('2020-01-01',23,1),('2020-01-01',23,2),('2020-01-01',23,3),
('2020-01-01',24,1),('2020-01-01',24,1),('2020-01-01',24,2),
('2020-01-01',25,1),('2020-01-01',25,1),('2020-01-01',25,2),
('2020-01-01',26,3),('2020-01-01',26,1),('2020-01-01',26,5),
('2020-01-01',27,1),('2020-01-01',27,1),('2020-01-01',27,2),
('2020-01-01',28,1),('2020-01-01',28,3),('2020-01-01',28,1),
('2020-01-01',29,4),('2020-01-01',29,4),('2020-01-01',29,1),
('2020-01-01',30,1),('2020-01-01',30,1),('2020-01-01',30,1),
('2020-01-01',31,1),('2020-01-01',31,1),('2020-01-01',31,1),
('2020-01-01',32,1),('2020-01-01',32,1),('2020-01-01',32,2),
('2020-01-01',33,1),('2020-01-01',33,2),('2020-01-01',33,1),
('2020-01-01',34,1),('2020-01-01',34,1),('2020-01-01',34,1),
('2020-01-01',35,1),('2020-01-01',35,1),('2020-01-01',35,1),
('2020-01-01',36,1),('2020-01-01',36,1),('2020-01-01',36,2),
('2020-01-01',37,1),('2020-01-01',37,2),('2020-01-01',37,1);

INSERT INTO EMPRUNTS
(emprunt_id,cassette_id,emprunt_date,client_id)
VALUES
(1,1,'2022-01-01',1),(1,33,'2022-01-01',1),(1,61,'2022-01-01',1),(1,85,'2022-01-01',1),
(2,3,'2022-01-01',2),(2,35,'2022-01-01',2),(2,63,'2022-01-01',2),(2,87,'2022-01-01',2),
(3,5,'2022-01-01',3),(3,37,'2022-01-01',3),(3,65,'2022-01-01',3),(3,89,'2022-01-01',3),
(4,7,'2022-01-01',4),(4,39,'2022-01-01',4),(4,67,'2022-01-01',4),(4,91,'2022-01-01',4),
(5,9,'2022-01-01',5),(5,41,'2022-01-01',5),(5,69,'2022-01-01',5),(5,93,'2022-01-01',5),
(6,11,'2022-01-01',6),(6,43,'2022-01-01',6),(6,71,'2022-01-01',6),
(7,13,'2022-01-01',7),(7,45,'2022-01-01',7),
(8,15,'2022-01-01',8),

(9,17,'2023-01-01',1),(1,47,'2023-01-01',1),(1,73,'2023-01-01',1),(1,95,'2023-01-01',1),
(10,19,'2023-01-01',2),(2,49,'2023-01-01',2),(2,75,'2023-01-01',2),(2,97,'2023-01-01',2),
(11,21,'2023-01-01',3),(3,51,'2023-01-01',3),(3,77,'2023-01-01',3),(3,99,'2023-01-01',3),
(12,23,'2023-01-01',4),(4,53,'2023-01-01',4),(4,79,'2023-01-01',4),(4,101,'2023-01-01',4),
(13,25,'2023-01-01',5),(5,55,'2023-01-01',5),(5,81,'2023-01-01',5),(5,103,'2023-01-01',5),
(14,27,'2023-01-01',6),(6,57,'2023-01-01',6),(6,83,'2023-01-01',6),
(15,29,'2023-01-01',7),(7,59,'2023-01-01',7),
(16,31,'2023-01-01',8),(16,105,'2023-01-01',8),(16,107,'2023-01-01',8),(16,109,'2023-01-01',8),(16,111,'2023-01-01',8);

INSERT INTO STOCKES
(cassette_id,magasin_id,stockage_date)
VALUES
(2,1,'2020-01-01'),
(4,2,'2020-01-01'),
(6,3,'2020-01-01'),
(8,4,'2020-01-01'),
(10,5,'2020-01-01'),
(12,6,'2020-01-01'),
(14,7,'2020-01-01'),
(16,8,'2020-01-01'),
(18,9,'2020-01-01'),
(20,10,'2020-01-01'),
(22,1,'2020-01-01'),
(24,2,'2020-01-01'),
(26,3,'2020-01-01'),
(28,4,'2020-01-01'),
(30,5,'2020-01-01'),
(32,6,'2020-01-01'),
(34,7,'2020-01-01'),
(36,8,'2020-01-01'),
(38,9,'2020-01-01'),
(40,10,'2020-01-01'),
(42,1,'2020-01-01'),
(44,2,'2020-01-01'),
(46,3,'2020-01-01'),
(48,4,'2020-01-01'),
(50,5,'2020-01-01'),
(52,6,'2020-01-01'),
(54,7,'2020-01-01'),
(56,8,'2020-01-01'),
(58,9,'2020-01-01'),
(60,10,'2020-01-01'),
(62,1,'2020-01-01'),
(64,2,'2020-01-01'),
(66,3,'2020-01-01'),
(68,4,'2020-01-01'),
(70,5,'2020-01-01'),
(72,6,'2020-01-01'),
(74,7,'2020-01-01'),
(76,8,'2020-01-01'),
(78,9,'2020-01-01'),
(80,10,'2020-01-01'),
(82,1,'2020-01-01'),
(84,2,'2020-01-01'),
(86,3,'2020-01-01'),
(88,4,'2020-01-01'),
(90,5,'2020-01-01'),
(92,6,'2020-01-01'),
(94,7,'2020-01-01'),
(96,8,'2020-01-01'),
(98,9,'2020-01-01'),
(100,10,'2020-01-01'),
(102,1,'2020-01-01'),
(104,2,'2020-01-01'),
(106,3,'2020-01-01'),
(108,4,'2020-01-01'),
(110,5,'2020-01-01');